https://www.linkedin.com/search/results/people/?keywords=%22University%20of%20Notre%20Dame%22%20OR%20%22Vanderbilt%20University%22%20OR%20%22Case%20Western%20Reserve%20University%22%20OR%20%22University%20of%20Rochester%22%20OR%20%22University%20of%20Illinois%2C%20Chicago%22%20OR%20%22University%20of%20Florida%22%20OR%20%22University%20of%20Virginia%22%20OR%20%22University%20of%20Colorado%20at%20Boulder%22%20OR%20%22Michigan%20State%20University%22%20OR%20%22Texas%20A%26M%20University%22%20OR%20%22Dartmouth%20College%22%20OR%20%22University%20of%20California%2C%20Irvine%22%20OR%20%22Emory%20University%22%20OR%20%22University%20of%20Pittsburgh%22%20OR%20%22University%20of%20Minnesota%22%20OR%20%22University%20of%20Southern%20California%22%20OR%20%22University%20of%20Maryland%2C%20College%20Park%22%20OR%20%22University%20of%20California%2C%20Santa%20Barbara%22%20OR%20UCSB%20OR%20%22Washington%20University%20in%20St.%20Louis%22%20OR%20%22Pennsylvania%20State%20University%22%20OR%20%22Purdue%20University%22%20OR%20%22Rice%20University%22%20OR%20%22Boston%20University%22%20OR%20%22Ohio%20State%20University%22%20OR%20%22University%20of%20California%2C%20Davis%22%20OR%20%22UC%20Davis%22%20OR%20%22University%20of%20North%20Carolina%2C%20Chapel%20Hill%22%20OR%20%22Georgia%20Institute%20of%20Technology%22%20OR%20%22University%20of%20Texas%20at%20Austin%22%20OR%20%22University%20of%20Illinois%20at%20Urbana-Champaign%22%20OR%20%22University%20of%20Washington%22%20OR%20%22Carnegie%20Mellon%20University%22%20OR%20%22University%20of%20Wisconsin-Madison%22%20OR%20%22Brown%20University%22%20OR%20%22New%20York%20University%22%20OR%20UCSD%20OR%20%22University%20of%20California%2C%20San%20Diego%22%20OR%20UCLA%20OR%20%22University%20of%20California%2C%20Los%20Angeles%22%20OR%20%22UC%20Berkeley%22OR%20%22University%20of%20California%2C%20Berkeley%22%20OR%20%22Northwestern%20University%22%20OR%20%22Duke%20University%22%20OR%20%22University%20of%20Michigan%22%20OR%20%22Columbia%20University%22%20OR%20%22University%20of%20Pennsylvania%22%20OR%20%22Johns%20Hopkins%20University%22%20OR%20%22Cornell%20University%22%20OR%20%22Yale%20University%22%20OR%20%22Princeton%20University%22%20OR%20%22Massachusetts%20Institute%20of%20Technology%22%20OR%20MIT%20OR%20%22Stanford%20University%22%20OR%20%22Harvard%20University%22%20OR%20%22California%20Institute%20of%20Technology%22%20OR%20Caltech%20OR%20%22University%20of%20Chicago%22&origin=GLOBAL_SEARCH_HEADER&title=(Finance%20OR%20Financial)%20Manager

https://www.linkedin.com/search/results/people/?company=Adobe&keywords=%22University%20of%20Notre%20Dame%22%20OR%20%22Vanderbilt%20University%22%20OR%20%22Case%20Western%20Reserve%20University%22%20OR%20%22University%20of%20Rochester%22%20OR%20%22University%20of%20Illinois%2C%20Chicago%22%20OR%20%22University%20of%20Florida%22%20OR%20%22University%20of%20Virginia%22%20OR%20%22University%20of%20Colorado%20at%20Boulder%22%20OR%20%22Michigan%20State%20University%22%20OR%20%22Texas%20A%26M%20University%22%20OR%20%22Dartmouth%20College%22%20OR%20%22University%20of%20California%2C%20Irvine%22%20OR%20%22Emory%20University%22%20OR%20%22University%20of%20Pittsburgh%22%20OR%20%22University%20of%20Minnesota%22%20OR%20%22University%20of%20Southern%20California%22%20OR%20%22University%20of%20Maryland%2C%20College%20Park%22%20OR%20%22University%20of%20California%2C%20Santa%20Barbara%22%20OR%20UCSB%20OR%20%22Washington%20University%20in%20St.%20Louis%22%20OR%20%22Pennsylvania%20State%20University%22%20OR%20%22Purdue%20University%22%20OR%20%22Rice%20University%22%20OR%20%22Boston%20University%22%20OR%20%22Ohio%20State%20University%22%20OR%20%22University%20of%20California%2C%20Davis%22%20OR%20%22UC%20Davis%22%20OR%20%22University%20of%20North%20Carolina%2C%20Chapel%20Hill%22%20OR%20%22Georgia%20Institute%20of%20Technology%22%20OR%20%22University%20of%20Texas%20at%20Austin%22%20OR%20%22University%20of%20Illinois%20at%20Urbana-Champaign%22%20OR%20%22University%20of%20Washington%22%20OR%20%22Carnegie%20Mellon%20University%22%20OR%20%22University%20of%20Wisconsin-Madison%22%20OR%20%22Brown%20University%22%20OR%20%22New%20York%20University%22%20OR%20UCSD%20OR%20%22University%20of%20California%2C%20San%20Diego%22%20OR%20UCLA%20OR%20%22University%20of%20California%2C%20Los%20Angeles%22%20OR%20%22UC%20Berkeley%22OR%20%22University%20of%20California%2C%20Berkeley%22%20OR%20%22Northwestern%20University%22%20OR%20%22Duke%20University%22%20OR%20%22University%20of%20Michigan%22%20OR%20%22Columbia%20University%22%20OR%20%22University%20of%20Pennsylvania%22%20OR%20%22Johns%20Hopkins%20University%22%20OR%20%22Cornell%20University%22%20OR%20%22Yale%20University%22%20OR%20%22Princeton%20University%22%20OR%20%22Massachusetts%20Institute%20of%20Technology%22%20OR%20MIT%20OR%20%22Stanford%20University%22%20OR%20%22Harvard%20University%22%20OR%20%22California%20Institute%20of%20Technology%22%20OR%20Caltech%20OR%20%22University%20of%20Chicago%22&origin=FACETED_SEARCH&title=(Finance%20OR%20Financial)%20Manager
